Position	Residue	Score	Assignment
1	L	-1.452	.
2	N	-1.726	.
3	V	-1.404	.
4	T	-1.567	.
5	L	-1.306	.
6	L	-1.150	.
7	D	-1.088	.
8	L	-1.013	.
9	T	-0.927	.
10	Y	-0.630	.
11	E	-0.463	.
12	M	-0.414	.
13	N	0.035	.
14	R	-0.033	.
15	I	-0.066	.
16	Q	-0.177	.
17	D	-0.018	.
18	A	-0.289	.
19	I	-0.138	.
20	K	0.167	.
21	K	0.162	.
22	L	-0.054	.
23	N	-0.354	.
24	E	-0.159	.
25	S	-0.446	.
26	Y	-0.414	.
27	I	-0.086	.
28	N	-0.264	.
29	L	-0.262	.
30	K	-0.241	.
31	E	-0.209	.
32	V	0.163	.
33	G	-0.064	.
34	T	0.076	.
35	Y	-0.163	.
36	E	-0.121	.
37	M	-0.214	.
38	Y	-0.225	.
39	V	-0.511	.
40	K	-0.477	.
41	W	-0.782	.
42	P	-0.962	.
43	W	-1.249	.
44	Y	-1.408	.
45	V	-1.933	.
46	W	-1.812	.
47	L	-2.164	.
48	L	-2.000	.
49	I	-1.932	.
50	G	-1.821	.
51	L	-1.520	.
52	A	-1.362	.
53	G	-1.196	.
54	V	-1.178	.
55	A	-1.652	.
56	V	-1.889	.
57	C	-2.373	.
58	V	-2.932	.
59	L	-3.305	.
60	L	-3.525	.
61	F	-3.496	.
62	F	-3.462	.
63	I	-3.174	.
64	C	-2.669	.
65	C	-2.206	.
66	C	-1.940	.
67	T	-1.584	.
68	G	-1.134	.
69	C	-0.811	.
