Sl. No	Start position	End position	Epitope sequence	Length
1	38	47	TFFDKTWPRP	10
2	59	65	PQGRTYS	7
3	93	98	TGTTPQ	6
4	104	110	NYSQDVK	7
5	217	224	GNYNRNAS	8
6	226	233	NSFKEYFN	8
7	240	246	MYTYNIT	7
8	303	309	IQSDRKA	7
9	366	371	FEAKPS	6
10	391	399	GTPPQVYNF	9
11	467	474	FNYKQSFS	8
12	493	499	KPLKYSY	7
13	506	514	FLSDDRTEV	9
14	537	546	DGDYYRKQLS	10
15	576	581	QYGTDT	6
16	591	596	ANDTKI	6
17	641	646	YYSDDG	6
18	663	670	YDKETKTH	8
19	685	707	TMSQYSRSTRSMLKRRDSTYGPL	23
20	739	746	PDTPSTLT	8
21	839	846	NLRQDDSV	8
22	903	909	PGYMQGY	7
23	989	994	VLSENQ	6
24	1013	1018	TTTNEA	6
25	1097	1102	QLAKDK	6
26	1173	1180	IKTNNTRI	8
27	1191	1196	FYAPEP	6
28	1200	1205	LNTKYV	6
29	1284	1296	KELGNYTYYNKWP	13
30	1339	1348	RYEEYDLEPH	10
