Position	Residue	Start	End	Peptide	Score
3	S	1	6	PFSLSV	0.477
4	L	2	7	FSLSVQ	0.535
5	S	3	8	SLSVQY	0.967
6	V	4	9	LSVQYR	1.414
7	Q	5	10	SVQYRI	1.202
8	Y	6	11	VQYRIN	1.442
9	R	7	12	QYRING	1.923
10	I	8	13	YRINGL	0.916
11	N	9	14	RINGLG	0.578
12	G	10	15	INGLGV	0.219
13	L	11	16	NGLGVT	0.451
14	G	12	17	GLGVTM	0.278
15	V	13	18	LGVTMN	0.451
16	T	14	19	GVTMNV	0.406
17	M	15	20	VTMNVL	0.338
18	N	16	21	TMNVLS	0.611
19	V	17	22	MNVLSE	0.733
20	L	18	23	NVLSEN	1.191
21	S	19	24	VLSENQ	1.283
22	E	20	25	LSENQK	3.457
23	N	21	26	SENQKM	4.148
24	Q	22	27	ENQKMI	2.17
25	K	23	28	NQKMIA	1.266
26	M	24	29	QKMIAS	1.055
27	I	25	30	KMIASA	0.615
28	A	26	31	MIASAF	0.266
29	S	27	32	IASAFN	0.433
30	A	28	33	ASAFNN	0.993
31	F	29	34	SAFNNA	0.993
32	N	30	35	AFNNAL	0.611
33	N	31	36	FNNALG	0.599
34	A	32	37	NNALGA	0.699
35	L	33	38	NALGAI	0.304
36	G	34	39	ALGAIQ	0.328
37	A	35	40	LGAIQD	0.542
38	I	36	41	GAIQDG	0.65
39	Q	37	42	AIQDGF	0.569
40	D	38	43	IQDGFD	0.941
41	G	39	44	QDGFDA	1.356
42	F	40	45	DGFDAT	1.13
43	D	41	46	GFDATN	1.088
44	A	42	47	FDATNS	1.473
45	T	43	48	DATNSA	1.719
46	N	44	49	ATNSAL	0.849
47	S	45	50	TNSALG	0.832
48	A	46	51	NSALGK	1.152
49	L	47	52	SALGKI	0.502
50	G	48	53	ALGKIQ	0.649
51	K	49	54	LGKIQS	0.861
52	I	50	55	GKIQSV	0.775
53	Q	51	56	KIQSVV	0.581
54	S	52	57	IQSVVN	0.467
55	V	53	58	QSVVNA	0.674
56	V	54	59	SVVNAN	0.625
57	N	55	60	VVNANA	0.472
58	A	56	61	VNANAE	1.1
59	N	57	62	NANAEA	1.497
60	A	58	63	ANAEAL	0.768
61	E	59	64	NAEALN	1.222
62	A	60	65	AEALNN	1.222
63	L	61	66	EALNNL	0.998
64	N	62	67	ALNNLL	0.475
65	N	63	68	LNNLLN	0.756
66	L	64	69	NNLLNQ	1.589
67	L	65	70	NLLNQL	0.815
68	N	66	71	LLNQLS	0.679
69	Q	67	72	LNQLSN	1.324
70	L	68	73	NQLSNR	3.144
71	S	69	74	QLSNRF	1.693
72	N	70	75	LSNRFG	0.967
73	R	71	76	SNRFGA	1.185
74	F	72	77	NRFGAI	0.62
75	G	73	78	RFGAIS	0.517
76	A	74	79	FGAISA	0.266
77	I	75	80	GAISAS	0.412
78	S	76	81	AISASL	0.344
79	A	77	82	ISASLQ	0.589
80	S	78	83	SASLQE	1.455
81	L	79	84	ASLQEI	0.761
82	Q	80	85	SLQEIL	0.621
83	E	81	86	LQEILT	0.669
84	I	82	87	QEILTR	1.589
85	L	83	88	EILTRL	0.757
86	T	84	89	ILTRLE	0.757
87	R	85	90	LTRLEA	1.091
88	L	86	91	TRLEAV	0.982
89	E	87	92	RLEAVE	1.178
90	A	88	93	LEAVEA	0.608
91	V	89	94	EAVEAK	1.473
92	E	90	95	AVEAKA	0.86
93	A	91	96	VEAKAQ	1.473
94	K	92	97	EAKAQI	1.392
95	A	93	98	AKAQID	1.342
96	Q	94	99	KAQIDR	2.602
97	I	95	100	AQIDRL	1.073
98	D	96	101	QIDRLI	0.744
99	R	97	102	IDRLIN	0.691
100	L	98	103	DRLING	0.976
101	I	99	104	RLINGR	1.145
102	N	100	105	LINGRL	0.482
103	G	101	106	INGRLT	0.843
104	R	102	107	NGRLTA	1.215
105	L	103	108	GRLTAL	0.623
106	T	104	109	RLTALN	1.013
107	A	105	110	LTALNA	0.522
108	L	106	111	TALNAY	0.993
109	N	107	112	ALNAYI	0.482
110	A	108	113	LNAYIS	0.64
111	Y	109	114	NAYISK	1.551
112	I	110	115	AYISKQ	1.67
113	S	111	116	YISKQL	1.363
114	K	112	117	ISKQLS	1.166
115	Q	113	118	SKQLSD	2.778
116	L	114	119	KQLSDS	2.778
117	S	115	120	QLSDST	2.005
118	D	116	121	LSDSTL	0.955
119	S	117	122	SDSTLI	0.811
120	T	118	123	DSTLIK	1.211
121	L	119	124	STLIKV	0.538
122	I	120	125	TLIKVS	0.538
123	K	121	126	LIKVSA	0.377
124	V	122	127	IKVSAA	0.461
125	S	123	128	KVSAAQ	1.14
126	A	124	129	VSAAQA	0.576
127	A	125	130	SAAQAI	0.544
128	Q	126	131	AAQAIE	0.703
129	A	127	132	AQAIEK	1.392
130	I	128	133	QAIEKV	1.022
131	E	129	134	AIEKVN	0.949
132	K	130	135	IEKVNE	1.627
133	V	131	136	EKVNEC	1.245
134	N	132	137	KVNECV	0.533
135	E	133	138	VNECVK	0.533
136	C	134	139	NECVKS	0.963
137	V	135	140	ECVKSQ	1.037
138	K	136	141	CVKSQT	0.864
139	S	137	142	VKSQTT	2.327
140	Q	138	143	KSQTTR	6.14
141	T	139	144	SQTTRI	2.152
142	T	140	145	QTTRIN	2.583
143	R	141	146	TTRINF	1.291
144	I	142	147	TRINFC	0.48
145	N	143	148	RINFCG	0.329
146	F	144	149	INFCGN	0.27
147	C	145	150	NFCGNG	0.381
148	G	146	151	FCGNGN	0.381
149	N	147	152	CGNGNH	0.599
150	G	148	153	GNGNHI	0.783
151	N	149	154	NGNHIL	0.653
152	H	150	155	GNHILS	0.544
153	I	151	156	NHILSL	0.453
154	L	152	157	HILSLV	0.209
155	S	153	158	ILSLVQ	0.266
156	L	154	159	LSLVQN	0.611
157	V	155	160	SLVQNA	0.748
158	Q	156	161	LVQNAP	0.864
159	N	157	162	VQNAPY	1.641
160	A	158	163	QNAPYG	2.188
161	P	159	164	NAPYGL	1.042
162	Y	160	165	APYGLY	1.015
163	G	161	166	PYGLYF	0.87
164	L	162	167	YGLYFI	0.394
165	Y	163	168	GLYFIH	0.343
166	F	164	169	LYFIHF	0.3
167	I	165	170	YFIHFS	0.487
168	H	166	171	FIHFSY	0.487
169	F	167	172	IHFSYV	0.417
170	S	168	173	HFSYVP	0.921
