Sl. No	Start position	End position	Epitope sequence	Length	
1	23	34	QLPPAYTNSFTR	12
2	36	43	VYYPDKVF	8
3	71	91	SGTNGTKRFDNPVLPFNDGVY	21
4	109	115	TLDSKTQ	7
5	135	142	FCNDPFLG	8
6	145	152	YHKNNKSW	8
7	161	167	SSANNCT	7
8	181	188	GKQGNFKN	8
9	248	260	YLTPGDSSSGWTA	13
10	279	285	YNENGTI	7
11	292	298	ALDPLSE	7
12	367	374	VLYNSASF	8
13	380	389	YGVSPTKLND	10
14	411	430	APGQTGKIADYNYKLPDDFT	20
15	436	452	WNSNNLDSKVGGNYNYL	17
16	475	507	AGSTPCNGVEGFNCYFPLQSYGFQPTNGVGYQP	33
17	523	535	TVCGPKKSTNLVK	13
18	537	548	KCVNFNFNGLTG	12
19	588	594	TPCSFGG	7
20	599	606	TPGTNTSN	8
21	636	642	YSTGSNV	7
22	655	666	HVNNSYECDIPI	12
23	674	683	YQTQTNSPRR	10
24	705	714	VAYSNNSIAI	10
25	740	750	MYICGDSTECS	11
26	789	802	YKTPPIKDFGGFNF	14
27	804	815	QILPDPSKPSKR	12
28	835	842	KQYGDCLG	8
29	934	943	IQDSLSSTAS	10
30	966	972	LSSNFGA	7
31	1040	1048	VDFCGKGYH	9
32	1052	1058	FPQSAPH	7
33	1082	1088	CHDGKAH	7
34	1119	1128	NTFVSGNCDV	10
35	1136	1146	TVYDPLQPELD	11
36	1155	1173	YFKNHTSPDVDLGDISGIN	19
37	1237	1264	MTSCCSCLKGCCSCGSCCKFDEDDSEPV	28
